<?xml version="1.0" encoding="utf-8"?>
<extension version="3.1" type="plugin" group="captcha" method="upgrade">
	<name>plg_captcha_sallecta</name>
	<author>Alexander Gribkov, Resh Maxim</author>
	<authorEmail>sallecta@inbox.ru</authorEmail>
	<authorUrl>https://github.com/sallecta/captchasallecta</authorUrl>
	<copyright>(C)Alexander Gribkov 2022, ARENAM 2021. All rights reserved.</copyright>
	<license>GNU/GPLv3 http://www.gnu.org/licenses/gpl-3.0.html</license>
	<creationDate>13 October 2022</creationDate>
	<version>1.0.0</version>
	<description>Adds Completely Automated Public Turing test to tell Computers and Humans Apart into any form on your Joomla! website.</description>
	<scriptfile>script.php</scriptfile>
	<files>
		<filename plugin="sallecta">sallecta.php</filename>
		<filename>script.php</filename>
		<folder>fonts</folder>
		<folder>images</folder>
		<folder>imagex</folder>
		<folder>client</folder>
		<folder>server</folder>
	</files>
	<languages folder="admin">
		<language tag="en-GB">language/en-GB/plg_captcha_sallecta.ini</language>
		<language tag="en-GB">language/en-GB/plg_captcha_sallecta.sys.ini</language>
	</languages>
	<config>
		<fields name="params">
			<fieldset name="params" label="PLG_CAPTCHA_SALLECTA_PARAMS_LABEL">
				<field
						name="captcha_type"
						type="radio"
						class="btn-group btn-group-yesno radio"
						label="PLG_CAPTCHA_SALLECTA_CAPTCHA_TYPE_LBL"
						description="PLG_CAPTCHA_SALLECTA_CAPTCHA_TYPE_DESC"
						default="1">
							<option value="1">PLG_CAPTCHA_SALLECTA_CAPTCHA_TYPE_LETTERS</option>
							<option value="2">PLG_CAPTCHA_SALLECTA_CAPTCHA_TYPE_ARITHMETIC</option>
							<option value="3">PLG_CAPTCHA_SALLECTA_CAPTCHA_TYPE_LEXICAL</option>
				</field>
				
				<field
						name="letters_value"
						showon="captcha_type:1"
						type="number"
						label="PLG_CAPTCHA_SALLECTA_NUMBER_VALUE_LBL"
						description="PLG_CAPTCHA_SALLECTA_NUMBER_VALUE_DESC"
						min="3"
						max="10"
						step="1"
						default="6" />
				<field 
						name="letters"
						showon="captcha_type:1"
						type="textarea"
						label="PLG_CAPTCHA_SALLECTA_LETTERS_LBL"
						description="PLG_CAPTCHA_SALLECTA_LETTERS_DESC"
						default="ABCEFGHIJKLMNPRSTVWXZ123456789" />
				
				<field
						name="arithmetic_value_a"
						showon="captcha_type:2"
						type="number"
						label="PLG_CAPTCHA_SALLECTA_ARITHMETIC_VALUE_A_LBL"
						description="PLG_CAPTCHA_SALLECTA_ARITHMETIC_VALUE_A_DESC"
						min="1"
						max="999"
						step="1"
						default="9" />
				<field
						name="arithmetic_value_b"
						showon="captcha_type:2"
						type="number"
						label="PLG_CAPTCHA_SALLECTA_ARITHMETIC_VALUE_B_LBL"
						description="PLG_CAPTCHA_SALLECTA_ARITHMETIC_VALUE_B_DESC"
						min="1"
						max="999"
						step="1"
						default="9" />
				<field
						name="lexical_words"
						showon="captcha_type:3"
						type="textarea"
						label="PLG_CAPTCHA_SALLECTA_LEXICAL_WORDS_LBL"
						description="PLG_CAPTCHA_SALLECTA_LEXICAL_WORDS_DESC"
						default="fox,dog,cat,sea,sky,low,son,sun,wet,red,can,car,bed,bag,air,sit,big,eye,hot,fly,try,man,may,day,toy,one,two,six,ten,lie,pen,paw,owl,oil" />
						
				<field type="spacer" name="spacer_a" label="Image" class="badge badge-info" />
				
				<field
						name="image_width"
						type="text"
						label="PLG_CAPTCHA_SALLECTA_IMAGE_WIDTH_LBL"
						description="PLG_CAPTCHA_SALLECTA_IMAGE_WIDTH_DESC"
						default="400"
						filter="integer" />
				<field
						name="background_color"
						type="list"
						label="PLG_CAPTCHA_SALLECTA_BACKGROUND_COLOR_LBL"
						description="PLG_CAPTCHA_SALLECTA_BACKGROUND_COLOR_DESC"
						class="input"
						default="white">
							<option value="white">White</option>
							<option value="black">Black</option>
							<option value="red">Red</option>
							<option value="green">Green</option>
							<option value="blue">Blue</option>
							<option value="orange">Orange</option>
							<option value="gray">Gray</option>
							<option value="brown">Brown</option>
							<option value="purple">Purple</option>
							<option value="yellow">Yellow</option>
				</field>
				<field
						name="text_color"
						type="list"
						label="PLG_CAPTCHA_SALLECTA_TEXT_COLOR_LBL"
						description="PLG_CAPTCHA_SALLECTA_TEXT_COLOR_DESC"
						class="input"
						default="black">
							<option value="white">White</option>
							<option value="black">Black</option>
							<option value="red">Red</option>
							<option value="green">Green</option>
							<option value="blue">Blue</option>
							<option value="orange">Orange</option>
							<option value="gray">Gray</option>
							<option value="brown">Brown</option>
							<option value="purple">Purple</option>
							<option value="yellow">Yellow</option>
				</field>
				<field
						name="horizontal_line"
						type="radio"
						class="btn-group btn-group-yesno radio"
						label="PLG_CAPTCHA_SALLECTA_HORIZONTAL_LINE_LBL"
						description="PLG_CAPTCHA_SALLECTA_HORIZONTAL_LINE_DESC"
						default="0">
							<option value="0">JNO</option>
							<option value="1">JYES</option>
				</field>
				<field
						name="horizontal_line_value"
						showon="horizontal_line:1"
						type="number"
						label="PLG_CAPTCHA_SALLECTA_HORIZONTAL_LINE_VALUE_LBL"
						description="PLG_CAPTCHA_SALLECTA_HORIZONTAL_LINE_VALUE_DESC"
						min="1"
						max="10"
						step="1"
						default="4" />
				<field
						name="horizontal_line_thickness"
						showon="horizontal_line:1"
						type="number"
						label="PLG_CAPTCHA_SALLECTA_HORIZONTAL_LINE_THICKNESS_LBL"
						description="PLG_CAPTCHA_SALLECTA_HORIZONTAL_LINE_THICKNESS_DESC"
						min="1"
						max="3"
						step="1"
						default="1" />
				<field
						name="horizontal_line_color"
						showon="horizontal_line:1"
						type="list"
						label="PLG_CAPTCHA_SALLECTA_HORIZONTAL_LINE_COLOR_LBL"
						description="PLG_CAPTCHA_SALLECTA_HORIZONTAL_LINE_COLOR_DESC"
						class="input"
						default="black">
							<option value="white">White</option>
							<option value="black">Black</option>
							<option value="red">Red</option>
							<option value="green">Green</option>
							<option value="blue">Blue</option>
							<option value="orange">Orange</option>
							<option value="gray">Gray</option>
							<option value="brown">Brown</option>
							<option value="purple">Purple</option>
							<option value="yellow">Yellow</option>
				</field>
				<field
						name="wave"
						type="radio"
						class="btn-group btn-group-yesno radio"
						label="PLG_CAPTCHA_SALLECTA_WAVE_LBL"
						description="PLG_CAPTCHA_SALLECTA_WAVE_DESC"
						default="0">
							<option value="0">JNO</option>
							<option value="1">JYES</option>
				</field>
				<field
						name="random_dots"
						type="radio"
						class="btn-group btn-group-yesno radio"
						label="PLG_CAPTCHA_SALLECTA_RANDOM_DOTS_LBL"
						description="PLG_CAPTCHA_SALLECTA_RANDOM_DOTS_DESC"
						default="0">
							<option value="0">JNO</option>
							<option value="1">JYES</option>
				</field>
				<field
						name="random_dots_value"
						showon="random_dots:1"
						type="list"
						label="PLG_CAPTCHA_SALLECTA_RANDOM_DOTS_VALUE_LBL"
						description="PLG_CAPTCHA_SALLECTA_RANDOM_DOTS_VALUE_DESC"
						class="input"
						default="3000">
							<option value="1000">1000</option>
							<option value="2000">2000</option>
							<option value="3000">3000</option>
							<option value="4000">4000</option>
							<option value="5000">5000</option>
							<option value="6000">6000</option>
							<option value="7000">7000</option>
							<option value="8000">8000</option>
							<option value="9000">9000</option>
							<option value="10000">10000</option>
							<option value="11000">11000</option>
							<option value="12000">12000</option>
							<option value="13000">13000</option>
							<option value="14000">14000</option>
							<option value="15000">15000</option>
				</field>
				<field
						name="random_dots_color"
						showon="random_dots:1"
						type="list"
						label="PLG_CAPTCHA_SALLECTA_RANDOM_DOTS_COLOR_LBL"
						description="PLG_CAPTCHA_SALLECTA_RANDOM_DOTS_COLOR_DESC"
						class="input"
						default="black">
							<option value="white">White</option>
							<option value="black">Black</option>
							<option value="red">Red</option>
							<option value="green">Green</option>
							<option value="blue">Blue</option>
							<option value="orange">Orange</option>
							<option value="gray">Gray</option>
							<option value="brown">Brown</option>
							<option value="purple">Purple</option>
							<option value="yellow">Yellow</option>
				</field>
				<field
						name="random_line"
						type="radio"
						class="btn-group btn-group-yesno radio"
						label="PLG_CAPTCHA_SALLECTA_RANDOM_LINE_LBL"
						description="PLG_CAPTCHA_SALLECTA_RANDOM_LINE_DESC"
						default="0">
							<option value="0">JNO</option>
							<option value="1">JYES</option>
				</field>
				<field
						name="random_line_value"
						showon="random_line:1"
						type="list"
						label="PLG_CAPTCHA_SALLECTA_RANDOM_LINE_VALUE_LBL"
						description="PLG_CAPTCHA_SALLECTA_RANDOM_LINE_VALUE_DESC"
						class="input"
						default="3000">
							<option value="5">5</option>
							<option value="10">10</option>
							<option value="15">15</option>
							<option value="20">20</option>
							<option value="25">25</option>
							<option value="30">30</option>
							<option value="35">35</option>
							<option value="40">40</option>
							<option value="45">45</option>
							<option value="50">50</option>
							<option value="55">55</option>
							<option value="60">60</option>
							<option value="65">65</option>
							<option value="70">70</option>
							<option value="75">75</option>
							<option value="80">80</option>
							<option value="85">85</option>
							<option value="90">90</option>
				</field>
				<field
						name="random_line_thickness"
						showon="random_line:1"
						type="number"
						label="PLG_CAPTCHA_SALLECTA_RANDOM_LINE_THICKNESS_LBL"
						description="PLG_CAPTCHA_SALLECTA_RANDOM_LINE_THICKNESS_LBL"
						min="1"
						max="3"
						step="1"
						default="1" />
				<field
						name="random_line_color"
						showon="random_line:1"
						type="list"
						label="PLG_CAPTCHA_SALLECTA_RANDOM_LINE_COLOR_LBL"
						description="PLG_CAPTCHA_SALLECTA_RANDOM_LINE_COLOR_DESC"
						class="input"
						default="black">
							<option value="white">White</option>
							<option value="black">Black</option>
							<option value="red">Red</option>
							<option value="green">Green</option>
							<option value="blue">Blue</option>
							<option value="orange">Orange</option>
							<option value="gray">Gray</option>
							<option value="brown">Brown</option>
							<option value="purple">Purple</option>
							<option value="yellow">Yellow</option>
				</field>
				
				<field type="spacer" name="spacer_b" label="PLG_CAPTCHA_SALLECTA_ADVANCED_FEATURES_LABEL" class="badge badge-info" />
				
				<field
						name="prefix"
						type="text"
						label="PLG_CAPTCHA_SALLECTA_PREFIX_LBL"
						description="PLG_CAPTCHA_SALLECTA_PREFIX_DESC"
						default="hx" />
				<field
						name="trap_field"
						type="radio"
						class="btn-group btn-group-yesno radio"
						label="PLG_CAPTCHA_SALLECTA_TRAP_FIELD_LBL"
						description="PLG_CAPTCHA_SALLECTA_TRAP_FIELD_DESC"
						default="1">
							<option value="0">JNO</option>
							<option value="1">JYES</option>
				</field>
				<field
						name="submit_timeout"
						type="radio"
						class="btn-group btn-group-yesno radio"
						label="PLG_CAPTCHA_SALLECTA_TIMEOUT_BEFORE_SUBMIT_LBL"
						description="PLG_CAPTCHA_SALLECTA_TIMEOUT_BEFORE_SUBMIT_DESC"
						default="1">
							<option value="0">JNO</option>
							<option value="1">JYES</option>
				</field>
				<field
						name="submit_timeout_value"
						showon="submit_timeout:1"
						type="number"
						label="PLG_CAPTCHA_SALLECTA_TIMEOUT_BEFORE_SUBMIT_VALUE_LBL"
						description="PLG_CAPTCHA_SALLECTA_TIMEOUT_BEFORE_SUBMIT_VALUE_DESC"
						min="1"
						max="1000"
						step="1"
						default="3" />
			</fieldset>
			
        </fields>
	</config>
	<updateservers>
		<server type="extension" priority="1" name="Captcha Sallecta update server">https://raw.githubusercontent.com/sallecta/captcha_sallecta/main/update/updt.xml</server>
    </updateservers>
</extension>
